<?xml version="1.0" encoding="utf-8" ?>
<!DOCTYPE hibernate-configuration PUBLIC "-//Hibernate/Hibernate Configuration DTD 3.0//EN"
        "http://www.hibernate.org/dtd/hibernate-configuration-3.0.dtd">

<hibernate-configuration>
    <session-factory>
        <property name="hibernate.connection.driver_class">org.postgresql.Driver</property>
        <property name="hibernate.jdbc.use_streams_for_binary">true</property>
        <property name="current_session_context_class">thread</property>
        <property name="cache.provider_class">org.hibernate.cache.NoCacheProvider</property>
        <property name="hibernate.connection.url">jdbc:postgresql:progetto</property>
        <property name="hibernate.connection.username">pguser</property>
        <property name="hibernate.connection.password">pguser</property>

        
        <!--
        <property name="c3p0.acquire_increment">1</property> 
        <property name="c3p0.idle_test_period">100</property> 
        <property name="c3p0.max_size">100</property> 
        <property name="c3p0.max_statements">0</property> 
        <property name="c3p0.min_size">10</property> 
        <property name="c3p0.timeout">100</property> 
        <property name="c3p0.statementCacheNumDeferredCloseThreads">1</property> 
        -->

        <property name="dialect">org.hibernate.dialect.PostgreSQLDialect</property>
        <property name="show_sql">false</property>
        <property name="format_sql">true</property>
        <property name="use_sql_comments">true</property>
        <!--<property name="generate_statistics">true</property>-->

        <!-- <property name="hbm2ddl.auto">create</property> -->

        <!-- mapping -->
        <mapping class="it.unibas.progetto.rest.modello.Bean1"/>
        <mapping class="it.unibas.progetto.rest.modello.Bean2"/>

    </session-factory>

</hibernate-configuration>